keyword,product_slug,product_name,category,manufacturer
"brother rj 4230b","brother-rj-4230b","Brother RJ-4230B","drukarki-etykiet","brother"
"brother td 2020a","brother-td-2020a","Brother TD-2020A","drukarki-etykiet","brother"
"brother td 4d","brother-td-4d","Brother TD-4D","drukarki-etykiet","brother"
"brother td 4t","brother-td-4t","Brother TD-4T","drukarki-etykiet","brother"
"brother tj 4020tn","brother-tj-4020tn","Brother TJ-4020TN","drukarki-etykiet","brother"
"brother tj 4021tn","brother-tj-4021tn","Brother TJ-4021TN","drukarki-etykiet","brother"
"brother tj 4120tn","brother-tj-4120tn","Brother TJ-4120TN","drukarki-etykiet","brother"
"brother tj 4121tn","brother-tj-4121tn","Brother TJ-4121TN","drukarki-etykiet","brother"
"citizen cl e300","citizen-cl-e300","Citizen CL-E300","drukarki-etykiet","citizen"
"citizen cl e303","citizen-cl-e303","Citizen CL-E303","drukarki-etykiet","citizen"
"citizen cl e321","citizen-cl-e321","Citizen CL-E321","drukarki-etykiet","citizen"
"citizen cl e720","citizen-cl-e720","Citizen CL-E720","drukarki-etykiet","citizen"
"citizen cl e720dt","citizen-cl-e720dt","Citizen CL-E720DT","drukarki-etykiet","citizen"
"citizen cl e730","citizen-cl-e730","Citizen CL-E730","drukarki-etykiet","citizen"
"citizen cl s400dt","citizen-cl-s400dt","Citizen CL-S400DT","drukarki-etykiet","citizen"
"citizen cl s521ii","citizen-cl-s521ii","Citizen CL-S521II","drukarki-etykiet","citizen"
"citizen cl s531ii","citizen-cl-s531ii","Citizen CL-S531II","drukarki-etykiet","citizen"
"citizen cl s621ii","citizen-cl-s621ii","Citizen CL-S621II","drukarki-etykiet","citizen"
"citizen cl s631ii","citizen-cl-s631ii","Citizen CL-S631II","drukarki-etykiet","citizen"
"citizen cl s700iii","citizen-cl-s700iii","Citizen CL-S700III","drukarki-etykiet","citizen"
"citizen cl s703iii","citizen-cl-s703iii","Citizen CL-S703III","drukarki-etykiet","citizen"
"citizen cmp 20ii","citizen-cmp-20ii","Citizen CMP-20II","drukarki-etykiet","citizen"
"citizen cmp 25l","citizen-cmp-25l","Citizen CMP-25L","drukarki-etykiet","citizen"
"datalogic memor 30","datalogic-memor-30","Datalogic Memor 30","terminale-mobilne","datalogic"
"datalogic memor 35","datalogic-memor-35","Datalogic Memor 35","terminale-mobilne","datalogic"
"honeywell lnx3","honeywell-lnx3","Honeywell LNX3","drukarki-etykiet","honeywell"
"honeywell pc42e t","honeywell-pc42e-t","Drukarka etykiet Honeywell PC42E-T","drukarki-etykiet","honeywell"
"honeywell pd45s","honeywell-pd45s","Drukarka etykiet Honeywell PD45S","drukarki-etykiet","honeywell"
"honeywell pm65","honeywell-pm65","Drukarka etykiet Honeywell PM65","drukarki-etykiet","honeywell"
"honeywell px65","honeywell-px65","Drukarka etykiet Honeywell PX65","drukarki-etykiet","honeywell"
"honeywell granit ultra 2100i","honeywell-granit-ultra-2100i","Honeywell Granit Ultra 2100i","skanery-kodow-kreskowych","honeywell"
"honeywell granit ultra 2105i","honeywell-granit-ultra-2105i","Honeywell Granit Ultra 2105i","skanery-kodow-kreskowych","honeywell"
"honeywell granit xp 1990isr","honeywell-granit-xp-1990isr","Honeywell Granit XP 1990iSR","skanery-kodow-kreskowych","honeywell"
"honeywell granit xp 1990ixlr","honeywell-granit-xp-1990ixlr","Honeywell Granit XP 1990iXLR","skanery-kodow-kreskowych","honeywell"
"honeywell granit xp 1990ixr","honeywell-granit-xp-1990ixr","Honeywell Granit XP 1990iXR","skanery-kodow-kreskowych","honeywell"
"honeywell granit xp 1991isr","honeywell-granit-xp-1991isr","Honeywell Granit XP 1991iSR","skanery-kodow-kreskowych","honeywell"
"honeywell granit xp 1991ixlr","honeywell-granit-xp-1991ixlr","Honeywell Granit XP 1991iXLR","skanery-kodow-kreskowych","honeywell"
"honeywell granit xp 1991ixr","honeywell-granit-xp-1991ixr","Honeywell Granit XP 1991iXR","skanery-kodow-kreskowych","honeywell"
"honeywell voyager xp 1470g","honeywell-voyager-xp-1470g","Honeywell Voyager XP 1470g","skanery-kodow-kreskowych","honeywell"
"honeywell voyager xp 1472g","honeywell-voyager-xp-1472g","Honeywell Voyager XP 1472g","skanery-kodow-kreskowych","honeywell"
"honeywell xenon ultra 1960","honeywell-xenon-ultra-1960","Honeywell Xenon Ultra 1960g","skanery-kodow-kreskowych","honeywell"
"honeywell xenon ultra 1962","honeywell-xenon-ultra-1962","Honeywell Xenon Ultra 1962","skanery-kodow-kreskowych","honeywell"
"honeywell eda10a","honeywell-eda10a","Tablet Honeywell EDA10A","tablety-przemyslowe","honeywell"
"honeywell rt10a","honeywell-rt10a","Tablet Honeywell RT10A","tablety-przemyslowe","honeywell"
"honeywell rt10w","honeywell-rt10w","Tablet Honeywell RT10W","tablety-przemyslowe","honeywell"
"honeywell ct47","honeywell-ct47","Honeywell CT47","terminale-mobilne","honeywell"
"m3 sm25","m3-sm25","M3 SM25","terminale-mobilne","m3-mobile"
"newland hr11 aringa","newland-hr11-aringa","Newland HR11 Aringa","skanery-kodow-kreskowych","newland"
"newland hr15 wahoo","newland-hr15-wahoo","Newland HR15 Wahoo","skanery-kodow-kreskowych","newland"
"newland hr23 dorada bt","newland-hr23-dorada-bt","Newland HR23 Dorada Bluetooth","skanery-kodow-kreskowych","newland"
"newland hr33 marlin bt","newland-hr33-marlin-bt","Newland HR33 Marlin Bluetooth","skanery-kodow-kreskowych","newland"
"newland nvh300","newland-nvh300","Newland NVH300 Angler DP","skanery-kodow-kreskowych","newland"
"newland mt93 megattera standard plus","newland-mt93-megattera-standard-plus","Newland MT93 Megattera Standard Plus","terminale-mobilne","newland"
"newland mt95 kambur pro ii","newland-mt95-kambur-pro-ii","Newland MT95 Kambur Pro II","terminale-mobilne","newland"
"newland n7 cachalot pro ii","newland-n7-cachalot-pro-ii","Newland N7 Cachalot Pro II","terminale-mobilne","newland"
"tsc mb341t","tsc-mb341t","TSC MB341T","drukarki-etykiet","tsc"
"tsc mh261t","tsc-mh261t","TSC MH261T","drukarki-etykiet","tsc"
"tsc mh341t","tsc-mh341t","TSC MH341T","drukarki-etykiet","tsc"
"tsc mh641t","tsc-mh641t","TSC MH641T","drukarki-etykiet","tsc"
"tsc ml341p","tsc-ml341p","TSC ML341P","drukarki-etykiet","tsc"
"tsc ttp 286mt","tsc-ttp-286mt","TSC TTP-286MT","drukarki-etykiet","tsc"
"tsc ttp 384mt","tsc-ttp-384mt","TSC TTP-384MT","drukarki-etykiet","tsc"
"zebra zd411t","zebra-zd411t","Zebra ZD411t","drukarki-etykiet","zebra"
"zebra zq210","zebra-zq210","Zebra ZQ210","drukarki-etykiet","zebra"
"zebra zq220 plus","zebra-zq220-plus","Zebra ZQ220 Plus","drukarki-etykiet","zebra"
"zebra zq310 plus","zebra-zq310-plus","Zebra ZQ310 Plus","drukarki-etykiet","zebra"
"zebra zq320 plus","zebra-zq320-plus","Zebra ZQ320 Plus","drukarki-etykiet","zebra"
"zebra zq610 plus","zebra-zq610-plus","Zebra ZQ610 Plus","drukarki-etykiet","zebra"
"zebra zq620 plus","zebra-zq620-plus","Zebra ZQ620 Plus","drukarki-etykiet","zebra"
"zebra zq630 plus","zebra-zq630-plus","Zebra ZQ630 Plus","drukarki-etykiet","zebra"
"zebra zc100","zebra-zc100","Zebra ZC100","drukarki-kart","zebra"
"zebra zd510 hc","zebra-zd510-hc","Zebra ZD510-HC","drukarki-opasek","zebra"
"zebra ds3608 hd","zebra-ds3608-hd","Zebra DS3608-HD","skanery-kodow-kreskowych","zebra"
"zebra ds3608 hp","zebra-ds3608-hp","Zebra DS3608-HP","skanery-kodow-kreskowych","zebra"
"zebra ds3608 sr","zebra-ds3608-sr","Zebra DS3608-SR","skanery-kodow-kreskowych","zebra"
"zebra ds3608 xr","zebra-ds3608-xr","Zebra DS3608-XR","skanery-kodow-kreskowych","zebra"
"zebra ds3678 hd","zebra-ds3678-hd","Zebra DS3678-HD","skanery-kodow-kreskowych","zebra"
"zebra ds3678 hp","zebra-ds3678-hp","Zebra DS3678-HP","skanery-kodow-kreskowych","zebra"
"zebra ds3678 sr","zebra-ds3678-sr","Zebra DS3678-SR","skanery-kodow-kreskowych","zebra"
"zebra ds3678 xr","zebra-ds3678-xr","Zebra DS3678-XR","skanery-kodow-kreskowych","zebra"
"zebra ds4678 dpe","zebra-ds4678-dpe","Zebra DS4678-DPE","skanery-kodow-kreskowych","zebra"
"zebra li3608 er","zebra-li3608-er","Zebra LI3608-ER","skanery-kodow-kreskowych","zebra"
"zebra li3608 sr","zebra-li3608-sr","Zebra LI3608-SR","skanery-kodow-kreskowych","zebra"
"zebra et60w","zebra-et60w","Zebra ET60 Windows","tablety-przemyslowe","zebra"
"zebra et65","zebra-et65","Zebra ET65","tablety-przemyslowe","zebra"
"zebra et65w","zebra-et65w","Zebra ET65 Windows","tablety-przemyslowe","zebra"
"zebra em45","zebra-em45","Zebra EM45","terminale-mobilne","zebra"
"zebra mc3300x","zebra-mc3300x","Zebra MC3300x","terminale-mobilne","zebra"
"zebra mc3450","zebra-mc3450","Zebra MC3450","terminale-mobilne","zebra"
"zebra mc9450","zebra-mc9450","Zebra MC9450","terminale-mobilne","zebra"
"zebra tc73","zebra-tc73","Zebra TC73","terminale-mobilne","zebra"
"zebra tc78","zebra-tc78","Zebra TC78","terminale-mobilne","zebra"
