keyword,tags
etykiety termiczne Zebra,"materiały,kategoria,dt"
etykiety termotransferowe Zebra,"materiały,kategoria,tt"
taśmy termotransferowe Zebra,"materiały,kategoria,tasmy"
materiały eksploatacyjne Zebra,"materiały,kategoria"
etykiety Zebra,"materiały,kategoria"
taśmy Zebra,"materiały,kategoria"
etykiety do drukarki Zebra,"materiały,kategoria"
taśma do drukarki Zebra,"materiały,kategoria"
etykiety termiczne foliowe Zebra,"materiały,kategoria,dt,foliowe"
etykiety termiczne papierowe Zebra,"materiały,kategoria,dt,papierowe"
etykiety termotransferowe foliowe Zebra,"materiały,kategoria,tt,foliowe"
etykiety termotransferowe papierowe Zebra,"materiały,kategoria,tt,papierowe"
etykiety termotransferowe specjalne Zebra,"materiały,kategoria,tt,specjalne"
etykiety linerless Zebra,"materiały,kategoria,dt,linerless"
etykiety zabezpieczające Zebra,"materiały,kategoria,tt,zabezpieczenia"
etykiety kriogeniczne Zebra,"materiały,kategoria,tt,krio"
etykiety BS5609 Zebra,"materiały,kategoria,tt,bs5609"
etykiety UL Zebra,"materiały,kategoria,tt,ul"
taśma woskowa Zebra,"materiały,kategoria,tasmy,wax"
taśma woskowo-żywiczna Zebra,"materiały,kategoria,tasmy,wax-resin"
taśma żywiczna Zebra,"materiały,kategoria,tasmy,resin"
Z-Select 2000D,"materiały,dt,produkt"
Zebra Z-Select 2000D,"materiały,dt,produkt"
etykiety termiczne Z-Select 2000D,"materiały,dt,produkt"
Z-Select 2000D zebra,"materiały,dt,produkt"
Z-Perform 1000D,"materiały,dt,produkt"
Zebra Z-Perform 1000D,"materiały,dt,produkt"
etykiety termiczne Z-Perform 1000D,"materiały,dt,produkt"
Z-Perform 1000D zebra,"materiały,dt,produkt"
PolyPro 4000D,"materiały,dt,produkt"
Zebra PolyPro 4000D,"materiały,dt,produkt"
etykiety termiczne PolyPro 4000D,"materiały,dt,produkt"
PolyPro 4000D zebra,"materiały,dt,produkt"
ZeroLiner 2000D,"materiały,dt,produkt"
Zebra ZeroLiner 2000D,"materiały,dt,produkt"
etykiety linerless ZeroLiner 2000D,"materiały,dt,produkt"
ZeroLiner 2000D zebra,"materiały,dt,produkt"
ZeroLiner 1100D,"materiały,dt,produkt"
Zebra ZeroLiner 1100D,"materiały,dt,produkt"
etykiety linerless ZeroLiner 1100D,"materiały,dt,produkt"
ZeroLiner 1100D zebra,"materiały,dt,produkt"
ZeroLiner 4500D,"materiały,dt,produkt"
Zebra ZeroLiner 4500D,"materiały,dt,produkt"
etykiety linerless ZeroLiner 4500D,"materiały,dt,produkt"
ZeroLiner 4500D zebra,"materiały,dt,produkt"
Z-Select 2000D Removable,"materiały,dt,produkt"
Zebra Z-Select 2000D Removable,"materiały,dt,produkt"
etykiety zdejmowalne Z-Select 2000D,"materiały,dt,produkt"
Z-Select 2000D Removable zebra,"materiały,dt,produkt"
Z-Perform 1000D Removable,"materiały,dt,produkt"
Zebra Z-Perform 1000D Removable,"materiały,dt,produkt"
etykiety zdejmowalne Z-Perform 1000D,"materiały,dt,produkt"
Z-Perform 1000D Removable zebra,"materiały,dt,produkt"
Z-Perform 1000D 110 Tag,"materiały,dt,produkt"
Zebra Z-Perform 1000D 110 Tag,"materiały,dt,produkt"
przywieszka archiwizacyjna Z-Perform 110 Tag,"materiały,dt,produkt"
Z-Perform 110 Tag zebra,"materiały,dt,produkt"
Z-Essentials 1000D,"materiały,dt,produkt"
Zebra Z-Essentials 1000D,"materiały,dt,produkt"
etykiety termiczne Z-Essentials 1000D,"materiały,dt,produkt"
Z-Essentials 1000D zebra,"materiały,dt,produkt"
Z-Essentials 500D,"materiały,dt,produkt"
Zebra Z-Essentials 500D,"materiały,dt,produkt"
etykiety termiczne Z-Essentials 500D,"materiały,dt,produkt"
Z-Essentials 500D zebra,"materiały,dt,produkt"
8000D Jewelry,"materiały,dt,produkt"
Zebra 8000D Jewelry,"materiały,dt,produkt"
etykiety jubilerskie Zebra 8000D,"materiały,dt,produkt"
8000D Jewelry zebra,"materiały,dt,produkt"
Z-Perform 1000T,"materiały,tt,produkt"
Zebra Z-Perform 1000T,"materiały,tt,produkt"
etykiety termotransferowe Z-Perform 1000T,"materiały,tt,produkt"
Z-Perform 1000T zebra,"materiały,tt,produkt"
Z-Perform 1000T Removable,"materiały,tt,produkt"
Zebra Z-Perform 1000T Removable,"materiały,tt,produkt"
etykiety zdejmowalne Z-Perform 1000T,"materiały,tt,produkt"
Z-Perform 1000T Removable zebra,"materiały,tt,produkt"
Z-Select 2000T,"materiały,tt,produkt"
Zebra Z-Select 2000T,"materiały,tt,produkt"
etykiety termotransferowe Z-Select 2000T,"materiały,tt,produkt"
Z-Select 2000T zebra,"materiały,tt,produkt"
Z-Essentials 500T,"materiały,tt,produkt"
Zebra Z-Essentials 500T,"materiały,tt,produkt"
etykiety termotransferowe Z-Essentials 500T,"materiały,tt,produkt"
Z-Essentials 500T zebra,"materiały,tt,produkt"
Z-Ultimate 3000T White,"materiały,tt,produkt"
Zebra Z-Ultimate 3000T White,"materiały,tt,produkt"
etykiety poliestrowe Z-Ultimate 3000T White,"materiały,tt,produkt"
Z-Ultimate 3000T White zebra,"materiały,tt,produkt"
Z-Ultimate 3000T Silver,"materiały,tt,produkt"
Zebra Z-Ultimate 3000T Silver,"materiały,tt,produkt"
etykiety poliestrowe srebrne Z-Ultimate,"materiały,tt,produkt"
Z-Ultimate 3000T Silver zebra,"materiały,tt,produkt"
PolyE 3100T Gloss,"materiały,tt,produkt"
Zebra PolyE 3100T Gloss,"materiały,tt,produkt"
etykiety foliowe PolyE 3100T,"materiały,tt,produkt"
PolyE 3100T Gloss zebra,"materiały,tt,produkt"
PolyPro 3000T Gloss,"materiały,tt,produkt"
Zebra PolyPro 3000T Gloss,"materiały,tt,produkt"
etykiety foliowe PolyPro 3000T Gloss,"materiały,tt,produkt"
PolyPro 3000T Gloss zebra,"materiały,tt,produkt"
PolyPro 3000T Clear,"materiały,tt,produkt"
Zebra PolyPro 3000T Clear,"materiały,tt,produkt"
etykiety przezroczyste PolyPro 3000T Clear,"materiały,tt,produkt"
PolyPro 3000T Clear zebra,"materiały,tt,produkt"
PolyPro 4000T Matte,"materiały,tt,produkt"
Zebra PolyPro 4000T Matte,"materiały,tt,produkt"
etykiety foliowe PolyPro 4000T Matte,"materiały,tt,produkt"
PolyPro 4000T Matte zebra,"materiały,tt,produkt"
PolyO 3100T,"materiały,tt,produkt"
Zebra PolyO 3100T,"materiały,tt,produkt"
etykiety GHS PolyO 3100T,"materiały,tt,produkt"
PolyO 3100T zebra,"materiały,tt,produkt"
8100T Cryocool,"materiały,tt,produkt"
Zebra 8100T Cryocool,"materiały,tt,produkt"
etykiety kriogeniczne 8100T Cryocool,"materiały,tt,produkt"
8100T Cryocool zebra,"materiały,tt,produkt"
8000T All-Temp,"materiały,tt,produkt"
Zebra 8000T All-Temp,"materiały,tt,produkt"
etykiety mrożeniowe 8000T All-Temp,"materiały,tt,produkt"
8000T All-Temp zebra,"materiały,tt,produkt"
8000T Blood Bag Deep Freeze,"materiały,tt,produkt"
Zebra 8000T Blood Bag,"materiały,tt,produkt"
etykiety na worki krwi 8000T Blood Bag,"materiały,tt,produkt"
8000T Blood Bag zebra,"materiały,tt,produkt"
8000T Void Matte,"materiały,tt,produkt"
Zebra 8000T Void Matte,"materiały,tt,produkt"
etykiety zabezpieczające 8000T Void Matte,"materiały,tt,produkt"
8000T Void Matte zebra,"materiały,tt,produkt"
8100T Z-Destruct PE,"materiały,tt,produkt"
Zebra 8100T Z-Destruct,"materiały,tt,produkt"
etykiety destrukcyjne 8100T Z-Destruct,"materiały,tt,produkt"
8100T Z-Destruct PE zebra,"materiały,tt,produkt"
Zebra 1600 Wax,"materiały,tasmy,produkt"
taśma Zebra 1600,"materiały,tasmy,produkt"
1600 Wax taśma,"materiały,tasmy,produkt"
taśma woskowa 1600 Zebra,"materiały,tasmy,produkt"
Zebra 2100 European Wax,"materiały,tasmy,produkt"
taśma Zebra 2100,"materiały,tasmy,produkt"
2100 European Wax,"materiały,tasmy,produkt"
taśma woskowa 2100 Zebra,"materiały,tasmy,produkt"
Zebra 2300 Wax,"materiały,tasmy,produkt"
taśma Zebra 2300,"materiały,tasmy,produkt"
Zebra 2300,"materiały,tasmy,produkt"
taśma woskowa 2300 Zebra,"materiały,tasmy,produkt"
Zebra 5319 Performance Wax,"materiały,tasmy,produkt"
taśma Zebra 5319,"materiały,tasmy,produkt"
5319 Performance Wax,"materiały,tasmy,produkt"
taśma woskowa kolorowa Zebra 5319,"materiały,tasmy,produkt"
Zebra 3200 Premium Wax Resin,"materiały,tasmy,produkt"
taśma Zebra 3200,"materiały,tasmy,produkt"
3200 Wax Resin Zebra,"materiały,tasmy,produkt"
taśma woskowo-żywiczna 3200 Zebra,"materiały,tasmy,produkt"
Zebra 3300 Wax Resin,"materiały,tasmy,produkt"
taśma Zebra 3300,"materiały,tasmy,produkt"
3300 Wax Resin Zebra,"materiały,tasmy,produkt"
taśma woskowo-żywiczna 3300 Zebra,"materiały,tasmy,produkt"
Zebra 3400 Wax Resin,"materiały,tasmy,produkt"
taśma Zebra 3400,"materiały,tasmy,produkt"
3400 High-Performance Wax Resin,"materiały,tasmy,produkt"
taśma woskowo-żywiczna 3400 Zebra,"materiały,tasmy,produkt"
Zebra 5555 Wax Resin,"materiały,tasmy,produkt"
taśma Zebra 5555,"materiały,tasmy,produkt"
5555 Cartridge P4T,"materiały,tasmy,produkt"
taśma do Zebra P4T,"materiały,tasmy,produkt"
Zebra 4800 Resin,"materiały,tasmy,produkt"
taśma Zebra 4800,"materiały,tasmy,produkt"
4800 Performance Resin,"materiały,tasmy,produkt"
taśma żywiczna 4800 Zebra,"materiały,tasmy,produkt"
Zebra 5095 Resin,"materiały,tasmy,produkt"
taśma Zebra 5095,"materiały,tasmy,produkt"
Zebra 5095,"materiały,tasmy,produkt"
taśma żywiczna 5095 Zebra,"materiały,tasmy,produkt"
Zebra 5100 Premium Resin,"materiały,tasmy,produkt"
taśma Zebra 5100,"materiały,tasmy,produkt"
5100 Premium Resin,"materiały,tasmy,produkt"
taśma żywiczna 5100 Zebra,"materiały,tasmy,produkt"
Zebra 8000 ChemResist,"materiały,tasmy,produkt"
taśma Zebra 8000,"materiały,tasmy,produkt"
8000 ChemResist,"materiały,tasmy,produkt"
taśma chemiczna Zebra 8000,"materiały,tasmy,produkt"
