keyword,tier
"serwis zebra","1-flagship"
"zebra serwis","1-flagship"
"serwis pogwarancyjny zebra","1-flagship"
"autoryzowany serwis zebra","1-flagship"
"zebra wrocław","1-flagship"
"serwis zebra zd220","2-drukarki"
"naprawa drukarki zebra zd220","2-drukarki"
"serwis zebra zd220t","2-drukarki"
"serwis zebra zd220d","2-drukarki"
"serwis zebra zd230","2-drukarki"
"naprawa drukarki zebra zd230","2-drukarki"
"serwis zebra zd230d","2-drukarki"
"serwis zebra zd230t","2-drukarki"
"serwis zebra zd411","2-drukarki"
"naprawa drukarki zebra zd411","2-drukarki"
"serwis zebra zd411t","2-drukarki"
"serwis zebra zd420","2-drukarki"
"naprawa drukarki zebra zd420","2-drukarki"
"usterka drukarki zebra zd420","2-drukarki"
"serwis zebra zd421","2-drukarki"
"naprawa drukarki zebra zd421","2-drukarki"
"usterka drukarki zebra zd421","2-drukarki"
"serwis zebra zd421t","2-drukarki"
"serwis zebra zd421d","2-drukarki"
"serwis zebra zd620","2-drukarki"
"serwis zebra zd621","2-drukarki"
"naprawa drukarki zebra zd621","2-drukarki"
"serwis zebra zt111","2-drukarki"
"naprawa drukarki zebra zt111","2-drukarki"
"serwis zebra zt220","2-drukarki"
"naprawa drukarki zebra zt220","2-drukarki"
"serwis zebra zt230","2-drukarki"
"naprawa drukarki zebra zt230","2-drukarki"
"usterka drukarki zebra zt230","2-drukarki"
"serwis zebra zt231","2-drukarki"
"naprawa drukarki zebra zt231","2-drukarki"
"serwis zebra zt411","2-drukarki"
"naprawa drukarki zebra zt411","2-drukarki"
"usterka drukarki zebra zt411","2-drukarki"
"serwis zebra zt421","2-drukarki"
"naprawa drukarki zebra zt421","2-drukarki"
"serwis zebra zt510","2-drukarki"
"naprawa drukarki zebra zt510","2-drukarki"
"serwis zebra zt610","2-drukarki"
"naprawa drukarki zebra zt610","2-drukarki"
"usterka drukarki zebra zt610","2-drukarki"
"serwis zebra zt620","2-drukarki"
"naprawa drukarki zebra zt620","2-drukarki"
"serwis zebra zq521","2-drukarki"
"naprawa drukarki zebra zq521","2-drukarki"
"serwis zebra zq620","2-drukarki"
"serwis zebra zq630","2-drukarki"
"serwis drukarki mobilnej zebra","2-drukarki"
"serwis zebra gk420t","2-drukarki"
"naprawa drukarki zebra gk420t","2-drukarki"
"serwis zebra gk420d","2-drukarki"
"naprawa drukarki zebra gk420d","2-drukarki"
"serwis zebra gx420","2-drukarki"
"serwis zebra gx430","2-drukarki"
"serwis zebra gc420t","2-drukarki"
"serwis zebra zm400","2-drukarki"
"naprawa drukarki zebra zm400","2-drukarki"
"serwis zebra zm600","2-drukarki"
"serwis zebra tc20","2-terminale"
"serwis zebra tc21","2-terminale"
"naprawa terminala zebra tc21","2-terminale"
"serwis zebra tc22","2-terminale"
"naprawa terminala zebra tc22","2-terminale"
"serwis zebra tc25","2-terminale"
"serwis zebra tc26","2-terminale"
"naprawa terminala zebra tc26","2-terminale"
"serwis zebra tc27","2-terminale"
"naprawa terminala zebra tc27","2-terminale"
"serwis zebra tc52","2-terminale"
"naprawa terminala zebra tc52","2-terminale"
"serwis zebra tc53","2-terminale"
"naprawa terminala zebra tc53","2-terminale"
"serwis zebra tc55","2-terminale"
"serwis zebra tc56","2-terminale"
"serwis zebra tc57","2-terminale"
"naprawa terminala zebra tc57","2-terminale"
"serwis zebra tc58","2-terminale"
"naprawa terminala zebra tc58","2-terminale"
"serwis zebra mc3300","2-terminale"
"naprawa kolektora zebra mc3300","2-terminale"
"serwis zebra mc3400","2-terminale"
"naprawa kolektora zebra mc3400","2-terminale"
"usterka mc3400 zebra","2-terminale"
"serwis zebra mc9300","2-terminale"
"naprawa kolektora zebra mc9300","2-terminale"
"serwis zebra mc9400","2-terminale"
"naprawa kolektora zebra mc9400","2-terminale"
"serwis zebra et40","2-terminale"
"serwis zebra et50","2-terminale"
"serwis zebra et51","2-terminale"
"serwis zebra et55","2-terminale"
"serwis zebra et60","2-terminale"
"serwis zebra ec50","2-terminale"
"serwis zebra ec55","2-terminale"
"serwis zebra em45","2-terminale"
"naprawa zebra em45","2-terminale"
"serwis zebra ds2208","2-skanery"
"naprawa skanera zebra ds2208","2-skanery"
"serwis zebra ds2278","2-skanery"
"naprawa skanera zebra ds2278","2-skanery"
"serwis zebra ds3608","2-skanery"
"naprawa skanera zebra ds3608","2-skanery"
"serwis zebra ds3678","2-skanery"
"naprawa skanera zebra ds3678","2-skanery"
"serwis zebra ds4308","2-skanery"
"serwis zebra ds4608","2-skanery"
"naprawa skanera zebra ds4608","2-skanery"
"serwis zebra ds8108","2-skanery"
"serwis zebra ds8178","2-skanery"
"serwis zebra li2208","2-skanery"
"naprawa skanera zebra li2208","2-skanery"
"serwis zebra li3608","2-skanery"
"serwis zebra ls2208","2-skanery"
"drukarka zebra led miga","3-problemy"
"drukarka zebra czerwona dioda","3-problemy"
"zebra red light","3-problemy"
"drukarka zebra paper out","3-problemy"
"drukarka zebra ribbon out","3-problemy"
"drukarka zebra zacina papier","3-problemy"
"drukarka zebra nie wykrywa etykiet","3-problemy"
"drukarka zebra nie chce się połączyć","3-problemy"
"drukarka zebra brak wydruku","3-problemy"
"drukarka zebra wifi nie działa","3-problemy"
"drukarka zebra error","3-problemy"
"drukarka zebra błędy","3-problemy"
"zebra error 5","3-problemy"
"zebra error head open","3-problemy"
"drukarka zebra rozmywa wydruk","3-problemy"
"drukarka zebra blade wydruki","3-problemy"
"drukarka zebra białe linie","3-problemy"
"drukarka zebra nie czyta etykiety","3-problemy"
"zebra reset do ustawień fabrycznych","3-problemy"
"factory reset zebra","3-problemy"
"zebra hard reset","3-problemy"
"drukarka zebra ribbon error","3-problemy"
"drukarka zebra media error","3-problemy"
"terminal zebra nie ładuje","3-problemy"
"terminal zebra nie włącza się","3-problemy"
"terminal zebra resetuje się","3-problemy"
"terminal zebra wifi problem","3-problemy"
"terminal zebra bluetooth problem","3-problemy"
"zebra tc nie ładuje","3-problemy"
"zebra mc bateria nie ładuje","3-problemy"
"zebra tc52 nie włącza się","3-problemy"
"zebra ekran nie reaguje","3-problemy"
"zebra trigger nie działa","3-problemy"
"zebra mc3300 nie włącza się","3-problemy"
"zebra mc3400 problem","3-problemy"
"skaner zebra nie skanuje","3-problemy"
"skaner zebra nie odczytuje","3-problemy"
"skaner zebra nie pika","3-problemy"
"skaner zebra reset","3-problemy"
"skaner zebra nie łączy się","3-problemy"
"skaner zebra ds nie odczytuje","3-problemy"
"zebra ds3678 problem parowania","3-problemy"
"zebra ls2208 problem","3-problemy"
"wymiana głowicy zebra","4-czesci"
"naprawa głowicy zebra","4-czesci"
"wymiana głowicy zebra cena","4-czesci"
"wymiana głowicy zebra zd421","4-czesci"
"wymiana głowicy zebra zd420","4-czesci"
"wymiana głowicy zebra zt411","4-czesci"
"wymiana głowicy zebra zt230","4-czesci"
"wymiana głowicy zebra zt610","4-czesci"
"wymiana głowicy zebra gk420","4-czesci"
"głowica drukująca zebra cena","4-czesci"
"głowica drukująca zebra zd421","4-czesci"
"nowa głowica zebra","4-czesci"
"regeneracja głowicy zebra","4-czesci"
"wymiana baterii zebra","4-czesci"
"wymiana baterii zebra mc3300","4-czesci"
"wymiana baterii zebra mc3400","4-czesci"
"wymiana baterii zebra tc52","4-czesci"
"wymiana baterii zebra tc53","4-czesci"
"wymiana baterii zebra zq521","4-czesci"
"bateria zebra wymiana cena","4-czesci"
"bateria do zebra mc3300","4-czesci"
"wymiana ekranu zebra","4-czesci"
"wymiana ekranu terminala zebra","4-czesci"
"wymiana ekranu zebra tc","4-czesci"
"wymiana ekranu zebra tc22","4-czesci"
"wymiana ekranu zebra tc52","4-czesci"
"zebra wyświetlacz wymiana","4-czesci"
"zebra naprawa ekranu","4-czesci"
"wałek dociskowy zebra","4-czesci"
"platen roller zebra","4-czesci"
"zebra wymiana wałka","4-czesci"
"serwis zebra kraków","5-lokalne"
"serwis zebra poznań","5-lokalne"
"serwis zebra łódź","5-lokalne"
"serwis zebra katowice","5-lokalne"
"serwis zebra bydgoszcz","5-lokalne"
"serwis zebra lublin","5-lokalne"
"serwis zebra szczecin","5-lokalne"
"serwis zebra białystok","5-lokalne"
"serwis zebra rzeszów","5-lokalne"
"serwis zebra gdynia","5-lokalne"
"serwis zebra opole","5-lokalne"
"serwis zebra toruń","5-lokalne"
"serwis zebra bielsko","5-lokalne"
"naprawa drukarki zebra warszawa","5-lokalne"
"naprawa drukarki zebra wrocław","5-lokalne"
"naprawa drukarki zebra kraków","5-lokalne"
"naprawa drukarki zebra poznań","5-lokalne"
"naprawa drukarki zebra katowice","5-lokalne"
"naprawa drukarki zebra gdańsk","5-lokalne"
"naprawa terminali zebra warszawa","5-lokalne"
"naprawa skanera zebra warszawa","5-lokalne"
"naprawa zebra warszawa","5-lokalne"
"naprawa zebra kraków","5-lokalne"
"autoryzowany serwis zebra polska","5-lokalne"
"autoryzowany serwis zebra warszawa","5-lokalne"
"zebra service warszawa","5-lokalne"
"zebra onecare","6-onecare"
"zebra onecare cena","6-onecare"
"zebra one care","6-onecare"
"zebra onecare essential","6-onecare"
"zebra onecare select","6-onecare"
"zebra onecare comprehensive","6-onecare"
"zebra service contract","6-onecare"
"zebra coverage","6-onecare"
"zebra repair cost","6-onecare"
"gwarancja zebra","6-onecare"
"gwarancja drukarki zebra","6-onecare"
"gwarancja terminala zebra","6-onecare"
"ile kosztuje serwis zebra","6-onecare"
"cennik naprawy zebra","6-onecare"
"cennik serwisu zebra","6-onecare"
"naprawa drukarki zebra cena","6-onecare"
"naprawa terminala zebra cena","6-onecare"
"naprawa zebra cennik","6-onecare"
"naprawa zebra koszt","6-onecare"
"serwis gwarancyjny zebra","6-onecare"
"przedłużenie gwarancji zebra","6-onecare"
"zebra gwarancja drukarki","6-onecare"
"serwis zebra cena","6-onecare"
"ile kosztuje naprawa zebra","6-onecare"
"diagnostyka drukarki zebra","7-diagnostyka"
"diagnostyka terminala zebra","7-diagnostyka"
"diagnostyka skanera zebra","7-diagnostyka"
"diagnostyka zebra cena","7-diagnostyka"
"darmowa diagnostyka zebra","7-diagnostyka"
"zebra diagnostyka","7-diagnostyka"
"diagnoza drukarki zebra","7-diagnostyka"
"diagnoza terminala zebra","7-diagnostyka"
"zebra calibration service","7-diagnostyka"
"kalibracja drukarki zebra","7-diagnostyka"
"zebra zd421 kalibracja","7-diagnostyka"
"zebra zt411 kalibracja","7-diagnostyka"
"zebra zt230 kalibracja","7-diagnostyka"
"kalibracja zebra cena","7-diagnostyka"
"serwis kalibracja zebra","7-diagnostyka"
